hdistate,Mean,Std
high,0.41209399577334443,0.05277047619461862
low,0.3609807887771938,0.029103629123834306
medium,0.37772638964178484,0.024509286719930124
high,0.5844345319990654,0.03027385043690115
low,0.5295746624149593,0.03637117507162957
medium,0.5436860813564177,0.0397950084174622
high,0.5497368001800188,0.04746112620476633
low,0.5208409165407437,0.0448951254524299
medium,0.5483153652437318,0.022796184205446608
