,df,sum_sq,mean_sq,F,PR(>F)
hdistate,2.0,0.020053753593072574,0.010026876796536287,183.2298464647477,8.24471383833021e-17
Residual,28.0,0.0015322424578739747,5.4722944924070524e-05,,
hdistate,2.0,0.022551023460372244,0.011275511730186122,242.82123195144783,2.0462540435755484e-18
Residual,28.0,0.0013001924333714712,4.6435444048981116e-05,,
hdistate,2.0,0.016089734603559797,0.008044867301779899,141.60224829623985,2.2780872323858976e-15
Residual,28.0,0.001590767711389641,5.681313254963004e-05,,
